{
  "cosine_to_base": 0.9995802723633052,
  "cosine_to_parent_avg": 0.9991557958623658,
  "mean_abs_drift": 0.023133938894562816,
  "n_layers": 6.0,
  "top_layer_l2": 0.9422973727978106
}