{
  "cosine_to_base": 0.9962384920282552,
  "cosine_to_parent_avg": 0.9974879360435578,
  "mean_abs_drift": 0.06940181668368844,
  "n_layers": 6.0,
  "top_layer_l2": 2.8268921183934292
}